{
    "$schema": "https://ui.shadcn.com/schema.json",
    "style": "new-york",
    "rsc": true,
    "tsx": true,
    "tailwind": {
        "config": "tailwind.config.ts",
        "css": "src/app/globals.css",
        "baseColor": "neutral",
        "cssVariables": true,
        "prefix": ""
    },
    "aliases": {
        "components": "@/components",
        "utils": "@/lib/utils",
        "ui": "@/components/ui",
        "lib": "@/lib",
        "hooks": "@/hooks"
    },
    "iconLibrary": "lucide"
}
